<?xml version="1.0" encoding="UTF-8"?>
<!DOCTYPE hibernate-configuration PUBLIC
		"-//Hibernate/Hibernate Configuration DTD 3.0//EN"
		"http://www.hibernate.org/dtd/hibernate-configuration-3.0.dtd">
<hibernate-configuration>
    <session-factory>
        <property name="hibernate.connection.driver_class">oracle.jdbc.driver.OracleDriver</property>
        <property name="hibernate.connection.password">prasanna</property>
        <property name="hibernate.connection.url">jdbc:oracle:thin:@localhost:1521:orcl</property>
        <property name="hibernate.connection.username">prasanna</property>
        <property name="hibernate.dialect">org.hibernate.dialect.Oracle10gDialect</property>
        <property name="show_sql">true</property>
     	<property name="hbm2ddl.auto">create</property>  
     	<mapping class="com.java.hib.Employ"/>
     	<mapping class="com.java.hib.Address"/>
    </session-factory>
</hibernate-configuration>
